{
  "name": "personal-loan-app",
  "version": "1.0.0",
  "homepage": "https://murugaiyan1996-wq.github.io/personal-loan-app",
  "scripts": {
    "dev": "vite",
    "build": "tsc && vite build",
    "preview": "vite preview",
    "deploy": "npm run build && gh-pages -d dist"
  },
  "dependencies": {
    "react": "^18.2.0",
    "react-dom": "^18.2.0",
    "lucide-react": "^0.263.1",
    "date-fns": "^2.30.0",
    "recharts": "^2.8.0",
    "framer-motion": "^10.16.4"
  },
  "devDependencies": {
    "@types/react": "^18.2.15",
    "@types/react-dom": "^18.2.7",
    "@vitejs/plugin-react": "^4.0.3",
    "autoprefixer": "^10.4.14",
    "gh-pages": "^5.0.0",
    "postcss": "^8.4.24",
    "tailwindcss": "^3.3.0",
    "typescript": "^5.0.2",
    "vite": "^4.4.5"
  }
}